epoch,step,train/av2/brier_fde,train/av2/minADE6,train/av2/minFDE6,train/av2/miss_rate,train/brier_fde,train/minADE6,train/minFDE6,train/miss_rate,train/nuscenes/brier_fde,train/nuscenes/minADE6,train/nuscenes/minFDE6,train/nuscenes/miss_rate,train/waymo/brier_fde,train/waymo/minADE6,train/waymo/minFDE6,train/waymo/miss_rate,val/av2/brier_fde,val/av2/minADE6,val/av2/minFDE6,val/av2/miss_rate,val/brier_fde,val/minADE6,val/minFDE6,val/miss_rate,val/nuscenes/brier_fde,val/nuscenes/minADE6,val/nuscenes/minFDE6,val/nuscenes/miss_rate,val/waymo/brier_fde,val/waymo/minADE6,val/waymo/minFDE6,val/waymo/miss_rate
0,778,,,,,,,,,,,,,,,,,8.162965774536133,3.4058873653411865,7.329618453979492,0.6945107579231262,11.066539764404297,4.288666725158691,10.232942581176758,0.782800018787384,6.9626641273498535,2.976332426071167,6.129255771636963,0.7361111044883728,11.401887893676758,4.3916544914245605,10.568262100219727,0.7917498350143433
0,778,13.80281925201416,5.968225002288818,12.96972942352295,0.7845771312713623,17.70816421508789,7.030930995941162,16.87488555908203,0.842155933380127,11.990649223327637,5.0522871017456055,11.157574653625488,0.8398791551589966,18.139711380004883,7.154560089111328,17.306400299072266,0.8473157286643982,,,,,,,,,,,,,,,,
1,1557,,,,,,,,,,,,,,,,,6.873647212982178,2.73665189743042,6.040554046630859,0.715990424156189,7.09488582611084,2.6977827548980713,6.261765480041504,0.741599977016449,6.043763160705566,2.4134857654571533,5.2106242179870605,0.7777777910232544,7.132228374481201,2.6987099647521973,6.299105644226074,0.7434020638465881
1,1557,6.998507499694824,2.94075608253479,6.16563606262207,0.7512437701225281,8.515950202941895,3.3093767166137695,7.682840824127197,0.7879359722137451,6.70026159286499,2.708477020263672,5.867302894592285,0.7885196208953857,8.6776762008667,3.3510007858276367,7.844541072845459,0.7911942005157471,,,,,,,,,,,,,,,,
2,2336,,,,,,,,,,,,,,,,,5.5358967781066895,2.4216413497924805,4.704057216644287,0.6730310320854187,6.292107582092285,2.7323601245880127,5.458804130554199,0.7771999835968018,6.090514659881592,2.332087993621826,5.25731086730957,0.8333333134651184,6.365598678588867,2.7676243782043457,5.532153606414795,0.7859835624694824
2,2336,6.217613220214844,2.621227264404297,5.385098934173584,0.7243781089782715,6.581909656524658,2.6410140991210938,5.749042987823486,0.7685114741325378,6.461948871612549,2.565232276916504,5.630059242248535,0.7824773192405701,6.616093158721924,2.6438848972320557,5.783189296722412,0.7722359895706177,,,,,,,,,,,,,,,,
3,3115,,,,,,,,,,,,,,,,,6.3015289306640625,2.511824131011963,5.465798377990723,0.6610978245735168,6.130917549133301,2.23610520362854,5.290905475616455,0.7035999894142151,6.914377689361572,2.4990854263305664,6.0656819343566895,0.7222222089767456,6.102550983428955,2.206285238265991,5.262279987335205,0.7072521448135376
3,3115,5.55900239944458,2.384324312210083,4.7288432121276855,0.7044776082038879,5.91363525390625,2.3663384914398193,5.082287788391113,0.7451539039611816,5.846595764160156,2.341158628463745,5.014884948730469,0.773413896560669,5.946191310882568,2.3651070594787598,5.114738941192627,0.7483611106872559,,,,,,,,,,,,,,,,
4,3894,,,,,,,,,,,,,,,,,5.652881622314453,2.2311108112335205,4.837630748748779,0.6968973875045776,5.34641170501709,2.024176836013794,4.524473667144775,0.7020000219345093,5.438467025756836,2.2051210403442383,4.613155841827393,0.7361111044883728,5.316462993621826,2.002058267593384,4.493957042694092,0.7019294500350952
4,3894,5.451177597045898,2.2718207836151123,4.62817907333374,0.7059701681137085,5.713878154754639,2.2425670623779297,4.889416694641113,0.7354817986488342,6.098958492279053,2.4224653244018555,5.265655994415283,0.7945619225502014,5.7316203117370605,2.2373263835906982,4.907159805297852,0.737243115901947,,,,,,,,,,,,,,,,
5,4673,,,,,,,,,,,,,,,,,5.068976879119873,1.994045376777649,4.255826950073242,0.6706444025039673,5.043760776519775,1.8983031511306763,4.225712776184082,0.6837999820709229,4.899604320526123,1.807289719581604,4.071509838104248,0.7361111044883728,5.0437211990356445,1.8908597230911255,4.225378036499023,0.6841871738433838
5,4673,5.255034923553467,2.154275417327881,4.433385848999023,0.6935323476791382,5.468174934387207,2.1458823680877686,4.649873733520508,0.7229201197624207,6.230186939239502,2.435528039932251,5.40134859085083,0.8066465258598328,5.475979328155518,2.1408863067626953,4.658130645751953,0.7243090271949768,,,,,,,,,,,,,,,,
6,5452,,,,,,,,,,,,,,,,,5.226236343383789,2.023268699645996,4.403352737426758,0.656324565410614,5.318751335144043,1.87519371509552,4.498169898986816,0.6621999740600586,6.544069290161133,2.3462610244750977,5.7031660079956055,0.6944444179534912,5.307782173156738,1.853912353515625,4.487741470336914,0.6622310876846313
6,5452,5.014016628265381,2.0302908420562744,4.19172477722168,0.6796019673347473,5.264230251312256,2.0407562255859375,4.444185256958008,0.7125657200813293,5.957172870635986,2.3315963745117188,5.125705718994141,0.7794561982154846,5.276351451873779,2.0374228954315186,4.456668376922607,0.7145198583602905,,,,,,,,,,,,,,,,
7,6231,,,,,,,,,,,,,,,,,4.957238674163818,1.903494954109192,4.14503288269043,0.6515513062477112,4.785831451416016,1.679763674736023,3.974165916442871,0.6589999794960022,5.2677412033081055,2.0107550621032715,4.444836616516113,0.625,4.762209415435791,1.653687596321106,3.9507737159729004,0.6602351069450378
7,6231,4.867660999298096,1.956843614578247,4.045507907867432,0.6726368069648743,5.099348545074463,1.9599409103393555,4.283016681671143,0.6992013454437256,5.724808692932129,2.235729932785034,4.894692420959473,0.7250755429267883,5.1108078956604,1.9561731815338135,4.295192718505859,0.7011870741844177,,,,,,,,,,,,,,,,
8,7010,,,,,,,,,,,,,,,,,4.697445392608643,1.842093586921692,3.889716863632202,0.6515513062477112,4.606960773468018,1.678565263748169,3.7894246578216553,0.6859999895095825,5.137469291687012,1.9189434051513672,4.311281204223633,0.7222222089767456,4.590081214904785,1.6595311164855957,3.7717719078063965,0.688622772693634
8,7010,4.9017229080200195,1.9434897899627686,4.086716651916504,0.686069667339325,4.981943607330322,1.8809412717819214,4.166726112365723,0.6895292401313782,5.666007041931152,2.1858344078063965,4.840979099273682,0.7401812672615051,4.979057788848877,1.8709018230438232,4.163959980010986,0.689094603061676,,,,,,,,,,,,,,,,
9,7789,,,,,,,,,,,,,,,,,5.148501396179199,2.067131280899048,4.336130142211914,0.6968973875045776,4.863020896911621,1.7779170274734497,4.050320148468018,0.6668000221252441,5.736999034881592,2.18412709236145,4.905767440795898,0.6805555820465088,4.822536945343018,1.7445553541183472,4.010102272033691,0.6637835502624512
9,7789,4.837000846862793,1.919842004776001,4.01836633682251,0.6850746273994446,5.002662658691406,1.8617125749588013,4.184330940246582,0.6937833428382874,6.093416690826416,2.36689829826355,5.261575222015381,0.7643504738807678,5.001420974731445,1.8491287231445312,4.183316230773926,0.6935241222381592,,,,,,,,,,,,,,,,
10,8568,,,,,,,,,,,,,,,,,5.003489017486572,2.0065360069274902,4.179408550262451,0.6873508095741272,4.526644706726074,1.689927101135254,3.707465648651123,0.6478000283241272,5.27674674987793,2.012157678604126,4.445791244506836,0.75,4.470355987548828,1.6553609371185303,3.651820421218872,0.6424927711486816
10,8568,4.757674694061279,1.8600506782531738,3.9431686401367188,0.6825870871543884,4.889007568359375,1.8284826278686523,4.076186180114746,0.6905726790428162,5.381075382232666,2.14410662651062,4.555342674255371,0.6978852152824402,4.893486976623535,1.821044921875,4.08100700378418,0.6911764740943909,,,,,,,,,,,,,,,,
11,9347,,,,,,,,,,,,,,,,,4.421335220336914,1.7878504991531372,3.6066133975982666,0.6157518029212952,4.416903972625732,1.6521244049072266,3.59950852394104,0.6453999876976013,5.6201395988464355,2.0464255809783936,4.786396503448486,0.6944444179534912,4.397280216217041,1.6332155466079712,3.579896926879883,0.6473719477653503
11,9347,4.70159387588501,1.8538250923156738,3.8806815147399902,0.6482586860656738,4.7618794441223145,1.7778851985931396,3.9453532695770264,0.6723521947860718,5.730588912963867,2.237635612487793,4.900615692138672,0.7280966639518738,4.753046989440918,1.7643821239471436,3.937105894088745,0.6736800074577332,,,,,,,,,,,,,,,,
12,10126,,,,,,,,,,,,,,,,,4.397339344024658,1.7642278671264648,3.579007387161255,0.6229116916656494,4.301499843597412,1.570649266242981,3.48443603515625,0.6133999824523926,5.727389335632324,2.149749279022217,4.892298221588135,0.625,4.269824981689453,1.5434142351150513,3.4531664848327637,0.6123309135437012
12,10126,4.6105852127075195,1.7941206693649292,3.7898340225219727,0.6537313461303711,4.7459235191345215,1.7683324813842773,3.9276392459869385,0.6718304753303528,5.887546539306641,2.250443696975708,5.054931163787842,0.731117844581604,4.74123477935791,1.7589683532714844,3.9233791828155518,0.672572672367096,,,,,,,,,,,,,,,,
13,10905,,,,,,,,,,,,,,,,,4.2212629318237305,1.6808154582977295,3.415626049041748,0.6252983212471008,4.177110195159912,1.5078063011169434,3.3678061962127686,0.6290000081062317,5.096632480621338,1.9436239004135132,4.265776634216309,0.6666666865348816,4.158324241638184,1.4847700595855713,3.3490231037139893,0.628742516040802
13,10905,4.675149440765381,1.8322432041168213,3.8571057319641113,0.6437810659408569,4.6781840324401855,1.7322425842285156,3.8621652126312256,0.6647269129753113,5.5443220138549805,2.1095104217529297,4.714400291442871,0.7341389656066895,4.6657562255859375,1.7178055047988892,3.8501181602478027,0.6655740737915039,,,,,,,,,,,,,,,,
14,11684,,,,,,,,,,,,,,,,,4.393494129180908,1.717279076576233,3.576477527618408,0.6515513062477112,4.230957508087158,1.4938969612121582,3.4106335639953613,0.6338000297546387,5.025240898132324,1.9027589559555054,4.190783977508545,0.6388888955116272,4.2031707763671875,1.4666107892990112,3.382765054702759,0.6320691704750061
14,11684,4.598670959472656,1.8051695823669434,3.778977394104004,0.660198986530304,4.621686935424805,1.705451488494873,3.80342173576355,0.6605931520462036,5.641963005065918,2.1775028705596924,4.8119916915893555,0.69486403465271,4.6087775230407715,1.6896510124206543,3.790808916091919,0.6601257920265198,,,,,,,,,,,,,,,,
15,12463,,,,,,,,,,,,,,,,,5.079421520233154,2.0035910606384277,4.253865718841553,0.7279236316680908,4.964077949523926,2.0305535793304443,4.14414119720459,0.6765999794006348,5.4999189376831055,2.148719310760498,4.657838344573975,0.7361111044883728,4.944803237915039,2.0311717987060547,4.125741481781006,0.6708804368972778
15,12463,4.620924472808838,1.760218858718872,3.8072571754455566,0.6621890664100647,4.589676856994629,1.6965218782424927,3.776181221008301,0.6636834144592285,5.795776844024658,2.240445375442505,4.964415073394775,0.7432023882865906,4.569214820861816,1.6828781366348267,3.755991220474243,0.6626505851745605,,,,,,,,,,,,,,,,
16,13242,,,,,,,,,,,,,,,,,4.872257709503174,1.940989375114441,4.053012847900391,0.6420047879219055,4.434351444244385,1.6160120964050293,3.6129589080810547,0.6043999791145325,5.371301651000977,2.0477612018585205,4.53553581237793,0.6527777910232544,4.378696441650391,1.5789192914962769,3.5573365688323975,0.6001330614089966
16,13242,4.522153854370117,1.7434918880462646,3.7026562690734863,0.6353234052658081,4.547914505004883,1.6719988584518433,3.730412721633911,0.6526467800140381,5.616703510284424,2.1089296340942383,4.7838287353515625,0.7280966639518738,4.534534454345703,1.6592291593551636,3.717435598373413,0.6530829071998596,,,,,,,,,,,,,,,,
17,14021,,,,,,,,,,,,,,,,,4.178778648376465,1.6531124114990234,3.3643715381622314,0.6252983212471008,4.185672283172607,1.4848616123199463,3.370450496673584,0.6173999905586243,5.838243007659912,2.1196556091308594,4.999279022216797,0.6944444179534912,4.159924030303955,1.4590905904769897,3.3450050354003906,0.615435779094696
17,14021,4.55977725982666,1.7764992713928223,3.74082612991333,0.6402984857559204,4.5001068115234375,1.6622960567474365,3.681218147277832,0.6468274593353271,5.274539947509766,2.0335609912872314,4.441463947296143,0.7099697589874268,4.483441352844238,1.6466857194900513,3.6647605895996094,0.6464830040931702,,,,,,,,,,,,,,,,
18,14800,,,,,,,,,,,,,,,,,4.164712429046631,1.6249810457229614,3.352001190185547,0.6324582099914551,4.121526718139648,1.4787367582321167,3.307771921157837,0.6133999824523926,4.694372653961182,1.7611720561981201,3.8646388053894043,0.6388888955116272,4.108366012573242,1.4606366157531738,3.2947702407836914,0.6112220287322998
18,14800,4.495609283447266,1.7495009899139404,3.675196409225464,0.6457711458206177,4.4544878005981445,1.6437739133834839,3.6351492404937744,0.6437773704528809,5.600539684295654,2.164963483810425,4.764432430267334,0.731117844581604,4.434025764465332,1.6267204284667969,3.6150283813476562,0.6423192620277405,,,,,,,,,,,,,,,,
19,15579,,,,,,,,,,,,,,,,,4.28387975692749,1.6447807550430298,3.470580816268921,0.6443914175033569,4.073643684387207,1.4366412162780762,3.25459361076355,0.6069999933242798,5.461566925048828,2.137686252593994,4.6152849197387695,0.7083333134651184,4.031946182250977,1.4061052799224854,3.2127954959869385,0.6019073128700256
19,15579,4.4300360679626465,1.7201077938079834,3.6096575260162354,0.6407960057258606,4.372538089752197,1.6150755882263184,3.5565593242645264,0.6366737484931946,5.349405765533447,2.033306837081909,4.5170392990112305,0.7190332412719727,4.353097438812256,1.599591851234436,3.5377449989318848,0.6350992321968079,,,,,,,,,,,,,,,,
20,16358,,,,,,,,,,,,,,,,,4.703553676605225,1.8500449657440186,3.8717474937438965,0.6396181583404541,4.526509761810303,1.6379510164260864,3.700944423675537,0.6380000114440918,5.3651628494262695,1.9467215538024902,4.526764392852783,0.7361111044883728,4.496665954589844,1.613311529159546,3.6718862056732178,0.6362829804420471
20,16358,4.230928421020508,1.6525038480758667,3.4125356674194336,0.6194030046463013,4.334024429321289,1.5927975177764893,3.5182244777679443,0.6319380402565002,5.337111949920654,2.0364890098571777,4.501451015472412,0.7160120606422424,4.328497886657715,1.5809764862060547,3.5132205486297607,0.6318213939666748,,,,,,,,,,,,,,,,
21,17137,,,,,,,,,,,,,,,,,4.1321330070495605,1.650307059288025,3.3204753398895264,0.584725558757782,4.048155784606934,1.499332070350647,3.236776828765869,0.598800003528595,4.69432258605957,1.8218955993652344,3.866948366165161,0.5833333134651184,4.030033111572266,1.4801520109176636,3.2189364433288574,0.6003548502922058
21,17137,4.382020950317383,1.7134109735488892,3.563481569290161,0.625373125076294,4.307517051696777,1.5803793668746948,3.4922499656677246,0.6336637735366821,5.072526454925537,1.950819492340088,4.245103359222412,0.670694887638092,4.289670467376709,1.5631040334701538,3.4748690128326416,0.6338589787483215,,,,,,,,,,,,,,,,
22,17916,,,,,,,,,,,,,,,,,4.2622575759887695,1.6131409406661987,3.4455292224884033,0.6085919141769409,4.17067289352417,1.5266947746276855,3.3493406772613525,0.6155999898910522,5.235650062561035,2.0340113639831543,4.394773960113525,0.625,4.145156383514404,1.5105608701705933,3.32370924949646,0.6161011457443237
22,17916,4.383264541625977,1.6951287984848022,3.5657341480255127,0.6228855848312378,4.2856974601745605,1.5705516338348389,3.4704020023345947,0.6298511028289795,5.415477275848389,2.1136999130249023,4.586660861968994,0.6918429136276245,4.260448932647705,1.551498293876648,3.4455454349517822,0.6295623779296875,,,,,,,,,,,,,,,,
23,18695,,,,,,,,,,,,,,,,,4.138753414154053,1.56609046459198,3.3228681087493896,0.6085919141769409,3.979583978652954,1.409226417541504,3.163337230682373,0.5964000225067139,4.8872270584106445,1.823661208152771,4.057388782501221,0.7222222089767456,3.9502999782562256,1.3880317211151123,3.1342363357543945,0.5932579040527344
23,18695,4.482231616973877,1.7214620113372803,3.661027193069458,0.630348265171051,4.299002647399902,1.56977379322052,3.4793570041656494,0.6286872625350952,5.31807804107666,1.9621148109436035,4.4874467849731445,0.7009063363075256,4.267751216888428,1.5505164861679077,3.448399305343628,0.6274805068969727,,,,,,,,,,,,,,,,
24,19474,,,,,,,,,,,,,,,,,4.473371982574463,1.7686041593551636,3.6513264179229736,0.6252983212471008,4.162751197814941,1.4978129863739014,3.34438157081604,0.5820000171661377,4.7640838623046875,1.79824960231781,3.9297077655792236,0.6666666865348816,4.124284744262695,1.4678521156311035,3.3065125942230225,0.5766245126724243
24,19474,4.289721488952637,1.6579606533050537,3.470777750015259,0.6169154047966003,4.278273582458496,1.5613272190093994,3.460146427154541,0.6301320195198059,5.499942779541016,2.031046152114868,4.669207572937012,0.7160120606422424,4.259344100952148,1.5458366870880127,3.441472291946411,0.6300495862960815,,,,,,,,,,,,,,,,
25,20253,,,,,,,,,,,,,,,,,4.446617603302002,1.7102129459381104,3.6188297271728516,0.5966587066650391,4.151388168334961,1.4867146015167236,3.3324460983276367,0.5756000280380249,5.799043655395508,2.131294012069702,4.964439868927002,0.5694444179534912,4.097645282745361,1.4556537866592407,3.2797746658325195,0.5737413763999939
25,20253,4.280678749084473,1.6403878927230835,3.4600603580474854,0.613930344581604,4.1900248527526855,1.521483302116394,3.3707478046417236,0.6151221990585327,5.331508636474609,2.0104947090148926,4.4982781410217285,0.69486403465271,4.165221214294434,1.5037283897399902,3.3462626934051514,0.6140591502189636,,,,,,,,,,,,,,,,
26,21032,,,,,,,,,,,,,,,,,4.329617977142334,1.8361231088638306,3.518324613571167,0.5918854475021362,4.153565406799316,1.5624452829360962,3.3406875133514404,0.5806000232696533,5.412109851837158,2.0838711261749268,4.572471618652344,0.6111111044883728,4.117110252380371,1.5286874771118164,3.304511547088623,0.5790640711784363
26,21032,4.297563076019287,1.6337958574295044,3.4772613048553467,0.6288557052612305,4.2306718826293945,1.541382074356079,3.411717176437378,0.6230685710906982,5.3183722496032715,2.0708694458007812,4.486668586730957,0.69486403465271,4.208773612976074,1.5253924131393433,3.390120506286621,0.6215007305145264,,,,,,,,,,,,,,,,
27,21811,,,,,,,,,,,,,,,,,4.3312907218933105,1.6738269329071045,3.515684127807617,0.620525062084198,4.01396369934082,1.459688425064087,3.199824571609497,0.5794000029563904,5.285479545593262,1.9732252359390259,4.4548139572143555,0.6666666865348816,3.964172840118408,1.4315892457962036,3.150432586669922,0.5741849541664124
27,21811,4.27962064743042,1.6380503177642822,3.4600086212158203,0.595522403717041,4.184446334838867,1.5185415744781494,3.3681256771087646,0.6154432892799377,5.345829486846924,2.0434179306030273,4.518577575683594,0.6646525859832764,4.158946514129639,1.500206708908081,3.343079090118408,0.6164953708648682,,,,,,,,,,,,,,,,
28,22590,,,,,,,,,,,,,,,,,4.224224090576172,1.5941466093063354,3.4059417247772217,0.6491646766662598,3.8725905418395996,1.349083423614502,3.055431842803955,0.5720000267028809,5.26207160949707,1.9305689334869385,4.421160697937012,0.7222222089767456,3.81772780418396,1.317025899887085,3.0010533332824707,0.5624306797981262
28,22590,4.254029750823975,1.6240897178649902,3.4358599185943604,0.6273632049560547,4.158049583435059,1.508541464805603,3.3415040969848633,0.6187743544578552,5.242068290710449,1.9838091135025024,4.411391258239746,0.7432023882865906,4.133615493774414,1.4912868738174438,3.3174164295196533,0.6161853075027466,,,,,,,,,,,,,,,,
29,23369,,,,,,,,,,,,,,,,,4.212565898895264,1.6163737773895264,3.389050245285034,0.5823389291763306,4.05653190612793,1.4501293897628784,3.234172821044922,0.5860000252723694,5.51370096206665,1.9589868783950806,4.675921440124512,0.6388888955116272,4.018764972686768,1.4265555143356323,3.1967597007751465,0.58549565076828
29,23369,4.117087364196777,1.5772268772125244,3.2985174655914307,0.6079602241516113,4.1064910888671875,1.4896682500839233,3.2890028953552246,0.60480797290802,5.001865386962891,1.9327349662780762,4.173208236694336,0.6888217329978943,4.09242057800293,1.4753748178482056,3.2751927375793457,0.6032955646514893,,,,,,,,,,,,,,,,
30,24148,,,,,,,,,,,,,,,,,3.881061553955078,1.513601541519165,3.0734615325927734,0.6038185954093933,3.708258628845215,1.3083677291870117,2.897134304046631,0.5666000247001648,5.443991184234619,1.99267578125,4.616580009460449,0.6666666865348816,3.6644840240478516,1.278369426727295,2.8532936573028564,0.5615435838699341
30,24148,4.20249605178833,1.6374640464782715,3.3778154850006104,0.6089552044868469,4.11272668838501,1.4893938302993774,3.2920148372650146,0.602600634098053,5.15272331237793,1.952386498451233,4.319427967071533,0.7069486379623413,4.089486598968506,1.4694210290908813,3.269313335418701,0.6005049347877502,,,,,,,,,,,,,,,,
31,24927,,,,,,,,,,,,,,,,,4.22480583190918,1.6353591680526733,3.4031662940979004,0.620525062084198,3.9115676879882812,1.3942962884902954,3.087881326675415,0.5667999982833862,5.721599102020264,2.1065542697906494,4.888235569000244,0.5555555820465088,3.85355806350708,1.3605215549468994,3.0298352241516113,0.5619871616363525
31,24927,4.259140968322754,1.6054409742355347,3.4403936862945557,0.625373125076294,4.100756645202637,1.480549693107605,3.284487247467041,0.611670732498169,5.051966190338135,1.8997751474380493,4.223194599151611,0.6858006119728088,4.072709560394287,1.4632841348648071,3.2568459510803223,0.6093639135360718,,,,,,,,,,,,,,,,
32,25706,,,,,,,,,,,,,,,,,3.8792760372161865,1.5447875261306763,3.070464611053467,0.5656324625015259,3.695338726043701,1.360908031463623,2.885993242263794,0.5446000099182129,4.645442008972168,1.6545696258544922,3.812056541442871,0.5694444179534912,3.6630756855010986,1.3391320705413818,2.8540642261505127,0.5422488451004028
32,25706,4.159763336181641,1.5917493104934692,3.340562582015991,0.6109452843666077,4.055334091186523,1.47587251663208,3.237900733947754,0.6019183397293091,5.08039665222168,1.9441920518875122,4.251443386077881,0.6978852152824402,4.031009197235107,1.458690881729126,3.2139015197753906,0.5997076630592346,,,,,,,,,,,,,,,,
33,26485,,,,,,,,,,,,,,,,,4.085331439971924,1.5767771005630493,3.263043165206909,0.5680190920829773,3.8363401889801025,1.3405358791351318,3.016202449798584,0.5479999780654907,5.180675029754639,1.8701006174087524,4.3451313972473145,0.6666666865348816,3.791736364364624,1.310126781463623,2.972043991088867,0.5442448258399963
33,26485,4.124722480773926,1.5947860479354858,3.3026046752929688,0.5945273637771606,4.084353923797607,1.480877161026001,3.264542579650879,0.6048882007598877,5.295051097869873,1.9732086658477783,4.462456226348877,0.7190332412719727,4.063007831573486,1.4635173082351685,3.2435920238494873,0.604137122631073,,,,,,,,,,,,,,,,
34,27264,,,,,,,,,,,,,,,,,4.644122123718262,1.818385124206543,3.8108110427856445,0.6038185954093933,4.28103494644165,1.5337262153625488,3.4470324516296387,0.597599983215332,5.679506301879883,2.0965728759765625,4.826211929321289,0.75,4.224963188171387,1.4982863664627075,3.3912060260772705,0.594588577747345
34,27264,4.173166275024414,1.5921926498413086,3.3526763916015625,0.5800995230674744,4.05078649520874,1.4556620121002197,3.2320024967193604,0.5972228050231934,5.232059478759766,1.9766572713851929,4.401172161102295,0.6797583103179932,4.022568702697754,1.4358683824539185,3.2041170597076416,0.5975372195243835,,,,,,,,,,,,,,,,
35,28043,,,,,,,,,,,,,,,,,3.905698776245117,1.536069393157959,3.0878331661224365,0.5346062183380127,3.7860097885131836,1.3541662693023682,2.9711811542510986,0.5428000092506409,5.502192974090576,1.955797791481018,4.667331695556641,0.7083333134651184,3.7474842071533203,1.3276559114456177,2.933258533477783,0.5409181714057922
35,28043,4.150066375732422,1.592278242111206,3.3298070430755615,0.6074627041816711,4.041122913360596,1.4628658294677734,3.2235188484191895,0.5946542620658875,5.249292850494385,1.9615947008132935,4.422338485717773,0.6797583103179932,4.013711452484131,1.4440324306488037,3.1964797973632812,0.5922661423683167,,,,,,,,,,,,,,,,
36,28822,,,,,,,,,,,,,,,,,3.9064531326293945,1.5233561992645264,3.0870509147644043,0.5250596404075623,3.785607099533081,1.3452686071395874,2.9635584354400635,0.557200014591217,5.196506500244141,1.9759888648986816,4.358753681182861,0.6944444179534912,3.751847982406616,1.318648099899292,2.929804563522339,0.5579951405525208
36,28822,4.114976406097412,1.57516610622406,3.29453182220459,0.6064676642417908,4.0229172706604,1.4527548551559448,3.20404052734375,0.598828136920929,5.087907791137695,1.954253077507019,4.258306503295898,0.6616314053535461,3.99910831451416,1.4345027208328247,3.1805245876312256,0.597227156162262,,,,,,,,,,,,,,,,
37,29601,,,,,,,,,,,,,,,,,3.957341432571411,1.4880599975585938,3.1429309844970703,0.5704057216644287,3.874882698059082,1.3548718690872192,3.0595030784606934,0.5874000191688538,5.002257347106934,1.780090570449829,4.169332504272461,0.6805555820465088,3.8492178916931152,1.3357053995132446,3.0340285301208496,0.5874916911125183
37,29601,4.061811923980713,1.5464181900024414,3.2411246299743652,0.6004974842071533,3.9725914001464844,1.4370676279067993,3.1529157161712646,0.5906409025192261,5.219686985015869,1.9023703336715698,4.388181209564209,0.7190332412719727,3.9463658332824707,1.4205082654953003,3.1269516944885254,0.5878809094429016,,,,,,,,,,,,,,,,
38,30380,,,,,,,,,,,,,,,,,3.9179556369781494,1.523948073387146,3.100877523422241,0.5680190920829773,3.814141035079956,1.373719334602356,2.997056722640991,0.5547999739646912,5.539747714996338,2.066629648208618,4.7036027908325195,0.6944444179534912,3.7769386768341064,1.348695158958435,2.960158348083496,0.5513417720794678
38,30380,4.1054606437683105,1.5636470317840576,3.2842488288879395,0.5915423035621643,3.997927188873291,1.4474188089370728,3.1797103881835938,0.5910021066665649,5.171293258666992,1.984532117843628,4.337306499481201,0.6978852152824402,3.9711532592773438,1.4291958808898926,3.1534314155578613,0.5893869400024414,,,,,,,,,,,,,,,,
39,31159,,,,,,,,,,,,,,,,,3.911175012588501,1.501470923423767,3.0946993827819824,0.5489259958267212,3.9904768466949463,1.4040096998214722,3.164304733276367,0.553600013256073,5.534417629241943,1.9565691947937012,4.6944804191589355,0.6527777910232544,3.9731929302215576,1.3861294984817505,3.146338939666748,0.5524506568908691
39,31159,4.0622148513793945,1.5578114986419678,3.239238739013672,0.5681592226028442,4.012975692749023,1.439753532409668,3.1917762756347656,0.5917245149612427,5.1459550857543945,1.9454022645950317,4.311518669128418,0.6797583103179932,3.9919826984405518,1.4218292236328125,3.1711390018463135,0.5925319194793701,,,,,,,,,,,,,,,,
40,31938,,,,,,,,,,,,,,,,,4.383312225341797,1.6486879587173462,3.554750919342041,0.584725558757782,4.0715131759643555,1.4515572786331177,3.2356808185577393,0.5763999819755554,6.124148845672607,2.17415714263916,5.277496337890625,0.7083333134651184,4.009761333465576,1.4217000007629395,3.1734273433685303,0.5735196471214294
40,31938,4.012343883514404,1.5592235326766968,3.1915628910064697,0.5706467628479004,3.954057216644287,1.4289467334747314,3.134864330291748,0.5895974636077881,5.142157554626465,1.961990237236023,4.3088908195495605,0.712990939617157,3.9314498901367188,1.409533143043518,3.1125991344451904,0.5894755721092224,,,,,,,,,,,,,,,,
41,32717,,,,,,,,,,,,,,,,,3.788886308670044,1.4739348888397217,2.9689676761627197,0.577565610408783,3.8782382011413574,1.364367127418518,3.0555763244628906,0.574999988079071,5.341064453125,1.9770363569259644,4.509675979614258,0.6944444179534912,3.8631837368011475,1.3444021940231323,3.040405511856079,0.5728542804718018
41,32717,3.9870493412017822,1.5426888465881348,3.166947364807129,0.58109450340271,3.949296712875366,1.4252111911773682,3.128892660140991,0.5856643915176392,5.278096675872803,1.9915070533752441,4.445511341094971,0.7009063363075256,3.9264533519744873,1.4064486026763916,3.106199026107788,0.584381639957428,,,,,,,,,,,,,,,,
42,33496,,,,,,,,,,,,,,,,,3.999022960662842,1.545362949371338,3.1780691146850586,0.5918854475021362,3.7508246898651123,1.3003485202789307,2.935650110244751,0.5591999888420105,4.97985315322876,1.88067626953125,4.147993087768555,0.625,3.7081358432769775,1.2683138847351074,2.8937647342681885,0.5551120042800903
42,33496,4.032364368438721,1.5525468587875366,3.2094314098358154,0.5985074639320374,3.939761161804199,1.4166921377182007,3.119614839553833,0.5842597484588623,5.243291854858398,1.9574439525604248,4.409154415130615,0.6616314053535461,3.912402868270874,1.39666748046875,3.092716693878174,0.5818568468093872,,,,,,,,,,,,,,,,
43,34275,,,,,,,,,,,,,,,,,3.9916884899139404,1.5555413961410522,3.1769909858703613,0.5823389291763306,3.6844027042388916,1.270908236503601,2.866361141204834,0.5429999828338623,5.219916820526123,1.9258465766906738,4.385973930358887,0.625,3.6313283443450928,1.2340002059936523,2.8132309913635254,0.5380350351333618
43,34275,3.9789419174194336,1.5228158235549927,3.16286039352417,0.5706467628479004,3.869208335876465,1.394423246383667,3.0528249740600586,0.5763534903526306,4.669747829437256,1.8088511228561401,3.8376641273498535,0.6193353533744812,3.847705841064453,1.3769152164459229,3.031522035598755,0.5762314200401306,,,,,,,,,,,,,,,,
44,35054,,,,,,,,,,,,,,,,,4.393434524536133,1.6803754568099976,3.5687382221221924,0.584725558757782,4.068799018859863,1.469180703163147,3.235264301300049,0.5509999990463257,5.47285270690918,1.9733117818832397,4.626503944396973,0.6111111044883728,4.0162129402160645,1.441504955291748,3.1820619106292725,0.5469061732292175
44,35054,3.9402496814727783,1.5026403665542603,3.1217689514160156,0.5865671634674072,3.8915963172912598,1.4033408164978027,3.0731751918792725,0.5817313194274902,4.87660551071167,1.8152681589126587,4.046219825744629,0.6586102843284607,3.8728199005126953,1.3884613513946533,3.054584264755249,0.5801736116409302,,,,,,,,,,,,,,,,
45,35833,,,,,,,,,,,,,,,,,4.101931571960449,1.6199465990066528,3.274688482284546,0.5465393662452698,3.8572075366973877,1.3690903186798096,3.031836748123169,0.5383999943733215,5.223138809204102,1.9468868970870972,4.380558013916016,0.6388888955116272,3.8126564025878906,1.3365534543991089,2.987733840942383,0.5360390543937683
45,35833,4.039275646209717,1.5361467599868774,3.219296455383301,0.6124377846717834,3.8596622943878174,1.3901408910751343,3.041036605834961,0.5787213444709778,4.9999542236328125,1.8773669004440308,4.170651435852051,0.6918429136276245,3.826949119567871,1.3699986934661865,3.0085976123809814,0.5740609765052795,,,,,,,,,,,,,,,,
46,36612,,,,,,,,,,,,,,,,,4.059325695037842,1.5337151288986206,3.2341148853302,0.6181384325027466,3.829603910446167,1.357433557510376,3.0040524005889893,0.5831999778747559,4.798299789428711,1.66440749168396,3.95542573928833,0.6944444179534912,3.7927894592285156,1.3361507654190063,2.9674813747406006,0.5781769752502441
46,36612,3.9785351753234863,1.519972324371338,3.1578328609466553,0.6014925241470337,3.893941640853882,1.3942103385925293,3.074871063232422,0.584139347076416,5.025887966156006,1.8565430641174316,4.196983337402344,0.7039275169372559,3.8698198795318604,1.3762344121932983,3.051034927368164,0.5808380842208862,,,,,,,,,,,,,,,,
47,37391,,,,,,,,,,,,,,,,,3.8531367778778076,1.4440425634384155,3.037548303604126,0.5465393662452698,3.876132011413574,1.3260111808776855,3.058103084564209,0.5473999977111816,5.494019031524658,2.0360617637634277,4.655470371246338,0.625,3.8524327278137207,1.3037043809890747,3.034506320953369,0.5462408661842346
47,37391,4.036996841430664,1.5243251323699951,3.214890718460083,0.5910447835922241,3.915053606033325,1.406761646270752,3.0951006412506104,0.5883934497833252,4.908239841461182,1.8429124355316162,4.076326847076416,0.6465256810188293,3.8896310329437256,1.3898993730545044,3.0700485706329346,0.5873051285743713,,,,,,,,,,,,,,,,
48,38170,,,,,,,,,,,,,,,,,4.177163124084473,1.641243815422058,3.35927414894104,0.5513126254081726,3.8572616577148438,1.3437082767486572,3.033651113510132,0.5442000031471252,6.261053085327148,2.2857494354248047,5.40945291519165,0.6388888955116272,3.789149045944214,1.3010176420211792,2.96545672416687,0.5420270562171936
48,38170,3.9832804203033447,1.5154107809066772,3.165708065032959,0.5815920233726501,3.8427343368530273,1.3800753355026245,3.025217056274414,0.574748158454895,4.886731147766113,1.8609635829925537,4.05720853805542,0.69486403465271,3.814915895462036,1.3609752655029297,2.9975790977478027,0.5723777413368225,,,,,,,,,,,,,,,,
49,38949,,,,,,,,,,,,,,,,,3.7192111015319824,1.4228287935256958,2.9008657932281494,0.5417661070823669,3.6618118286132812,1.2811884880065918,2.840757369995117,0.5320000052452087,5.461718559265137,2.071617841720581,4.629223823547363,0.6388888955116272,3.6277363300323486,1.255405068397522,2.806612491607666,0.5293856859207153
49,38949,4.008007049560547,1.5337389707565308,3.1859984397888184,0.5815920233726501,3.844766855239868,1.377798080444336,3.0236854553222656,0.5679656267166138,5.095245361328125,1.8524624109268188,4.26153039932251,0.69486403465271,3.811903476715088,1.3569542169570923,2.991086959838867,0.5648919343948364,,,,,,,,,,,,,,,,
50,39728,,,,,,,,,,,,,,,,,4.09262752532959,1.5834972858428955,3.2817418575286865,0.6062052249908447,3.7000691890716553,1.300880789756775,2.8865299224853516,0.5339999794960022,5.3908371925354,2.054154634475708,4.561087131500244,0.6388888955116272,3.636591911315918,1.262589931488037,2.8230652809143066,0.5256154537200928
50,39728,3.8438360691070557,1.4719882011413574,3.024333953857422,0.5671641826629639,3.859313488006592,1.3802456855773926,3.039140462875366,0.5743869543075562,5.128748416900635,1.932830572128296,4.30104923248291,0.7009063363075256,3.84207820892334,1.3639756441116333,3.0219578742980957,0.5731750726699829,,,,,,,,,,,,,,,,
51,40507,,,,,,,,,,,,,,,,,3.931583881378174,1.5410583019256592,3.1106820106506348,0.560859203338623,3.681166410446167,1.3460710048675537,2.8575637340545654,0.5332000255584717,5.884218215942383,2.1453731060028076,5.056378364562988,0.6805555820465088,3.6227171421051025,1.3151887655258179,2.798931360244751,0.528276801109314
51,40507,3.8358030319213867,1.4619168043136597,3.0159494876861572,0.560696542263031,3.8248448371887207,1.3608896732330322,3.004061222076416,0.5719789862632751,5.007747650146484,1.853318691253662,4.176055431365967,0.6767371892929077,3.8065271377563477,1.3446749448776245,2.9858174324035645,0.5714475512504578,,,,,,,,,,,,,,,,
52,41286,,,,,,,,,,,,,,,,,3.967456579208374,1.4949185848236084,3.145200729370117,0.5584725737571716,3.633934736251831,1.2524570226669312,2.8171215057373047,0.5306000113487244,5.198538303375244,1.9399778842926025,4.369185447692871,0.625,3.577958583831787,1.2189478874206543,2.761849880218506,0.5265025496482849
52,41286,3.841153621673584,1.4567303657531738,3.0222339630126953,0.5587064623832703,3.7748522758483887,1.3462811708450317,2.9555938243865967,0.5611429810523987,4.878135681152344,1.8099263906478882,4.047677516937256,0.69486403465271,3.7527754306793213,1.329649567604065,2.933648109436035,0.5593993663787842,,,,,,,,,,,,,,,,
53,42065,,,,,,,,,,,,,,,,,3.892517328262329,1.5071632862091064,3.08158016204834,0.5680190920829773,3.6579325199127197,1.2860356569290161,2.8456203937530518,0.5368000268936157,5.252985000610352,2.00927472114563,4.427771091461182,0.6944444179534912,3.610664129257202,1.2539383172988892,2.7984299659729004,0.5313816666603088
53,42065,4.0179314613342285,1.5166637897491455,3.1987431049346924,0.595522403717041,3.823857069015503,1.364356517791748,3.0068771839141846,0.5715374946594238,4.806652069091797,1.7667503356933594,3.9776721000671387,0.7039275169372559,3.792171001434326,1.344895601272583,2.9755613803863525,0.5674610137939453,,,,,,,,,,,,,,,,
54,42844,,,,,,,,,,,,,,,,,3.8917734622955322,1.4543542861938477,3.0777487754821777,0.5823389291763306,3.6358437538146973,1.2528257369995117,2.8214871883392334,0.5347999930381775,5.746922016143799,2.062000274658203,4.917221546173096,0.6666666865348816,3.578350782394409,1.2211778163909912,2.764209747314453,0.528276801109314
54,42844,3.9015815258026123,1.4856007099151611,3.0832557678222656,0.5631840825080872,3.775291681289673,1.350455403327942,2.959160566329956,0.5629891157150269,4.922091960906982,1.8335490226745605,4.094720840454102,0.7069486379623413,3.747236490249634,1.3313404321670532,2.9314613342285156,0.5608611106872559,,,,,,,,,,,,,,,,
55,43623,,,,,,,,,,,,,,,,,4.047609329223633,1.5427910089492798,3.223881721496582,0.5942720770835876,3.786900281906128,1.320102572441101,2.964909076690674,0.5321999788284302,5.267401695251465,1.9691567420959473,4.431004047393799,0.6527777910232544,3.73903226852417,1.2890446186065674,2.917433023452759,0.5245065689086914
55,43623,3.798175573348999,1.4532111883163452,2.9763033390045166,0.5567164421081543,3.75752329826355,1.3440561294555664,2.9377317428588867,0.5586146116256714,4.936276912689209,1.852455735206604,4.104820251464844,0.6918429136276245,3.7366223335266113,1.3268839120864868,2.9171862602233887,0.5568302869796753,,,,,,,,,,,,,,,,
56,44402,,,,,,,,,,,,,,,,,3.880844831466675,1.4843552112579346,3.0628457069396973,0.5465393662452698,3.669861316680908,1.2774759531021118,2.8514630794525146,0.5170000195503235,5.3040266036987305,1.9378918409347534,4.472966194152832,0.6388888955116272,3.6241614818573,1.2477059364318848,2.805927276611328,0.5123087167739868
56,44402,3.834852933883667,1.4557619094848633,3.014127731323242,0.5681592226028442,3.792900562286377,1.3489420413970947,2.97517728805542,0.568768322467804,4.8769636154174805,1.805526852607727,4.045920372009277,0.6737160086631775,3.7732770442962646,1.332737684249878,2.956012010574341,0.5672838687896729,,,,,,,,,,,,,,,,
57,45181,,,,,,,,,,,,,,,,,3.8520760536193848,1.4628723859786987,3.0251705646514893,0.5441527366638184,3.63226056098938,1.282257080078125,2.8121840953826904,0.5163999795913696,5.62519645690918,1.9833965301513672,4.795163154602051,0.6805555820465088,3.5800106525421143,1.2542775869369507,2.7607274055480957,0.5111998319625854
57,45181,3.7586874961853027,1.439371943473816,2.9372572898864746,0.5562189221382141,3.748234748840332,1.3369591236114502,2.9296107292175293,0.5570895075798035,4.859253883361816,1.8424280881881714,4.029987335205078,0.6314199566841125,3.7310147285461426,1.3204307556152344,2.912794589996338,0.556077241897583,,,,,,,,,,,,,,,,
58,45960,,,,,,,,,,,,,,,,,3.936068296432495,1.5152751207351685,3.118595838546753,0.5393794775009155,3.6402578353881836,1.2518043518066406,2.822186231613159,0.5139999985694885,5.198366165161133,1.9466512203216553,4.366774082183838,0.5972222089767456,3.5878889560699463,1.2162257432937622,2.7699782848358154,0.5103127360343933
58,45960,3.776400566101074,1.4451665878295898,2.9561872482299805,0.5582089424133301,3.7381057739257812,1.3348584175109863,2.919389247894287,0.5582132935523987,4.647267818450928,1.7635211944580078,3.813856363296509,0.6586102843284607,3.721364736557007,1.3187519311904907,2.9029970169067383,0.5567416548728943,,,,,,,,,,,,,,,,
59,46739,,,,,,,,,,,,,,,,,4.06986665725708,1.551360011100769,3.2453861236572266,0.5322195887565613,3.817161798477173,1.3242510557174683,2.9943432807922363,0.5234000086784363,5.810174942016602,2.135699510574341,4.97401762008667,0.625,3.761854648590088,1.2901898622512817,2.939404249191284,0.5209580659866333
59,46739,3.86430025100708,1.4521384239196777,3.044480800628662,0.5746268630027771,3.739018201828003,1.3280171155929565,2.9194788932800293,0.5592166185379028,4.783022880554199,1.8297325372695923,3.9522042274475098,0.6888217329978943,3.712555408477783,1.3096102476119995,2.8932101726531982,0.5559443831443787,,,,,,,,,,,,,,,,
60,47518,,,,,,,,,,,,,,,,,4.022357940673828,1.5670905113220215,3.2056381702423096,0.5489259958267212,3.651461362838745,1.2821153402328491,2.8329551219940186,0.5019999742507935,5.150374412536621,1.8532509803771973,4.316269397735596,0.7222222089767456,3.5930607318878174,1.2465139627456665,2.7746376991271973,0.49412286281585693
60,47518,3.716404438018799,1.4256551265716553,2.8955063819885254,0.5452736616134644,3.7215824127197266,1.31965172290802,2.902895450592041,0.5561664700508118,4.535871505737305,1.7843694686889648,3.7052161693573,0.616314172744751,3.7101080417633057,1.3034002780914307,2.8917877674102783,0.5562544465065002,,,,,,,,,,,,,,,,
61,48297,,,,,,,,,,,,,,,,,3.7013559341430664,1.4075595140457153,2.884943723678589,0.5489259958267212,3.611989736557007,1.2649542093276978,2.7928082942962646,0.5156000256538391,5.051118850708008,1.8569390773773193,4.219897270202637,0.6805555820465088,3.580706834793091,1.242249846458435,2.7614591121673584,0.5098691582679749
61,48297,3.870042085647583,1.4613803625106812,3.050476551055908,0.5646766424179077,3.72274112701416,1.3219877481460571,2.9037842750549316,0.5552032589912415,5.039374351501465,1.8228716850280762,4.209136009216309,0.7039275169372559,3.6903228759765625,1.3022339344024658,2.8715860843658447,0.5521792769432068,,,,,,,,,,,,,,,,
62,49076,,,,,,,,,,,,,,,,,3.8435513973236084,1.4620131254196167,3.0293309688568115,0.5704057216644287,3.729637861251831,1.3022394180297852,2.9128994941711426,0.5428000092506409,5.33314847946167,1.8434385061264038,4.50199556350708,0.7361111044883728,3.693448543548584,1.2787503004074097,2.8767056465148926,0.5371479392051697
62,49076,3.7679691314697266,1.4243310689926147,2.9499473571777344,0.5666666626930237,3.7248191833496094,1.3252944946289062,2.906353712081909,0.5570493936538696,4.944305419921875,1.8314191102981567,4.1149396896362305,0.6676737070083618,3.703094959259033,1.3090569972991943,2.884753465652466,0.5545712113380432,,,,,,,,,,,,,,,,
63,49855,,,,,,,,,,,,,,,,,3.7769088745117188,1.4344637393951416,2.9650931358337402,0.5704057216644287,3.631016731262207,1.2757092714309692,2.8144116401672363,0.5329999923706055,5.167543411254883,1.9527201652526855,4.336282730102539,0.6527777910232544,3.592923402786255,1.250145673751831,2.776109218597412,0.5276114344596863
63,49855,3.757166862487793,1.4428735971450806,2.9389336109161377,0.5368159413337708,3.675278902053833,1.3076331615447998,2.858065366744995,0.5478990077972412,4.734242916107178,1.7928227186203003,3.9041240215301514,0.6555891036987305,3.652463912963867,1.2884798049926758,2.83552885055542,0.5473068952560425,,,,,,,,,,,,,,,,
64,50634,,,,,,,,,,,,,,,,,3.874147891998291,1.498651146888733,3.058781623840332,0.553699254989624,3.610489845275879,1.275870680809021,2.793407678604126,0.5,5.148731231689453,1.9610543251037598,4.313497066497803,0.5972222089767456,3.5614264011383057,1.244227647781372,2.7444746494293213,0.49345752596855164
64,50634,3.7027158737182617,1.418865442276001,2.885423421859741,0.5482587218284607,3.6913647651672363,1.3162147998809814,2.8742218017578125,0.5485813021659851,4.4455461502075195,1.7218585014343262,3.618743896484375,0.6404833793640137,3.679293394088745,1.301127314567566,2.8623087406158447,0.5472626090049744,,,,,,,,,,,,,,,,
65,51413,,,,,,,,,,,,,,,,,3.7842907905578613,1.4745159149169922,2.964364528656006,0.5489259958267212,3.826939821243286,1.3264888525009155,3.002532958984375,0.5239999890327454,4.80168342590332,1.8290770053863525,3.9657816886901855,0.5694444179534912,3.8153393268585205,1.3047075271606445,2.990699052810669,0.5209580659866333
65,51413,3.7948219776153564,1.4312067031860352,2.977205753326416,0.5611940026283264,3.7060327529907227,1.3100918531417847,2.8879292011260986,0.5520728826522827,4.9050679206848145,1.844980239868164,4.077205181121826,0.6737160086631775,3.6805496215820312,1.2914656400680542,2.8625428676605225,0.5494773387908936,,,,,,,,,,,,,,,,
66,52192,,,,,,,,,,,,,,,,,3.8004252910614014,1.4263304471969604,2.99035906791687,0.5871121883392334,3.6033027172088623,1.2509881258010864,2.790384292602539,0.5325999855995178,5.248809337615967,1.9194532632827759,4.417370319366455,0.6944444179534912,3.558708429336548,1.2240203619003296,2.745821952819824,0.5249500870704651
66,52192,3.7675373554229736,1.4096201658248901,2.948533773422241,0.5487562417984009,3.6807591915130615,1.3019293546676636,2.862644910812378,0.5454910397529602,4.824846267700195,1.8066860437393188,3.9972782135009766,0.6767371892929077,3.656259298324585,1.2849398851394653,2.83836030960083,0.5432760715484619,,,,,,,,,,,,,,,,
67,52971,,,,,,,,,,,,,,,,,3.8227460384368896,1.4496631622314453,3.0050559043884277,0.560859203338623,3.6897640228271484,1.2780745029449463,2.871469736099243,0.5511999726295471,4.746698379516602,1.7968506813049316,3.9184560775756836,0.6805555820465088,3.6605284214019775,1.253845453262329,2.8423378467559814,0.5482368469238281
67,52971,3.681257724761963,1.3866021633148193,2.8597681522369385,0.5537313222885132,3.668041229248047,1.2955455780029297,2.8490867614746094,0.5482602119445801,4.587531089782715,1.7448935508728027,3.759326457977295,0.6676737070083618,3.6533823013305664,1.280849814414978,2.8347890377044678,0.5460222959518433,,,,,,,,,,,,,,,,
68,53750,,,,,,,,,,,,,,,,,3.856792688369751,1.5152902603149414,3.03623104095459,0.5250596404075623,3.6267144680023193,1.2746591567993164,2.806412696838379,0.5008000135421753,5.264850616455078,1.9619451761245728,4.428461074829102,0.5833333134651184,3.5791778564453125,1.2413235902786255,2.7591564655303955,0.4972277581691742
68,53750,3.767775535583496,1.4003701210021973,2.951046943664551,0.5686567425727844,3.6552748680114746,1.2949632406234741,2.8389804363250732,0.5536381006240845,4.535219192504883,1.7161005735397339,3.706188440322876,0.6012084484100342,3.632352828979492,1.2794039249420166,2.8162879943847656,0.5516034960746765,,,,,,,,,,,,,,,,
69,54529,,,,,,,,,,,,,,,,,4.052336692810059,1.5121759176254272,3.2334065437316895,0.5513126254081726,3.701772928237915,1.2601436376571655,2.877385377883911,0.506600022315979,5.125629425048828,1.84932279586792,4.292953014373779,0.5833333134651184,3.6464614868164062,1.2273154258728027,2.8216981887817383,0.5012198090553284
69,54529,3.738077163696289,1.407930850982666,2.9179940223693848,0.5457711219787598,3.6328723430633545,1.2877060174942017,2.813444137573242,0.5358189344406128,4.7927937507629395,1.750002384185791,3.9599649906158447,0.6767371892929077,3.6064975261688232,1.2702240943908691,2.787325143814087,0.5328667759895325,,,,,,,,,,,,,,,,
70,55308,,,,,,,,,,,,,,,,,3.9324862957000732,1.5339202880859375,3.1096596717834473,0.5274463295936584,3.6409823894500732,1.2839300632476807,2.820840835571289,0.5076000094413757,4.963476181030273,1.866881012916565,4.128759384155273,0.6388888955116272,3.592776298522949,1.2513909339904785,2.773116111755371,0.5036593675613403
70,55308,3.683993101119995,1.375932216644287,2.8669593334198,0.5537313222885132,3.655318260192871,1.2897697687149048,2.8388543128967285,0.5483404994010925,4.672430992126465,1.7313042879104614,3.8455066680908203,0.6495468020439148,3.637850761413574,1.2756258249282837,2.821593999862671,0.5463767051696777,,,,,,,,,,,,,,,,
71,56087,,,,,,,,,,,,,,,,,4.075095176696777,1.5601249933242798,3.2512402534484863,0.5322195887565613,3.7014317512512207,1.271340012550354,2.8764400482177734,0.5012000203132629,5.300949573516846,1.9733515977859497,4.45872688293457,0.5694444179534912,3.641167640686035,1.2332947254180908,2.816344738006592,0.4972277581691742
71,56087,3.695676326751709,1.4050993919372559,2.8778345584869385,0.5293532609939575,3.6434836387634277,1.2913602590560913,2.8257665634155273,0.5383874177932739,4.35090446472168,1.6623891592025757,3.5198731422424316,0.5891238451004028,3.62846302986145,1.2757939100265503,2.8109540939331055,0.538447916507721,,,,,,,,,,,,,,,,
72,56866,,,,,,,,,,,,,,,,,3.8150835037231445,1.4829049110412598,2.9905591011047363,0.5202863812446594,3.7547714710235596,1.298887848854065,2.931135892868042,0.5171999931335449,5.181094169616699,1.9091455936431885,4.343839645385742,0.7361111044883728,3.7263896465301514,1.2720433473587036,2.9030566215515137,0.5134176015853882
72,56866,3.7571182250976562,1.4123592376708984,2.93841814994812,0.5497512221336365,3.613856554031372,1.2761350870132446,2.796738624572754,0.5411967635154724,4.732356071472168,1.716551423072815,3.899454355239868,0.6827794313430786,3.5847034454345703,1.2575494050979614,2.7679574489593506,0.5383593440055847,,,,,,,,,,,,,,,,
73,57645,,,,,,,,,,,,,,,,,3.63826322555542,1.3597760200500488,2.8268136978149414,0.5322195887565613,3.5637948513031006,1.2232130765914917,2.7502987384796143,0.5098000168800354,4.813116073608398,1.7754571437835693,3.979109764099121,0.625,3.536925792694092,1.201704502105713,2.723567247390747,0.5058771371841431
73,57645,3.626980781555176,1.3869602680206299,2.8078196048736572,0.5308457612991333,3.602858304977417,1.2671339511871338,2.7849905490875244,0.5391499996185303,4.638309478759766,1.775978446006775,3.8103857040405273,0.6616314053535461,3.5855302810668945,1.249007225036621,2.767921209335327,0.5380935668945312,,,,,,,,,,,,,,,,
74,58424,,,,,,,,,,,,,,,,,4.118889331817627,1.541686773300171,3.294090509414673,0.5632458329200745,3.74908447265625,1.2855108976364136,2.9239561557769775,0.5044000148773193,5.179423809051514,1.9567369222640991,4.341220855712891,0.6666666865348816,3.691880464553833,1.2509875297546387,2.866931676864624,0.49634066224098206
74,58424,3.6162612438201904,1.3562712669372559,2.7975504398345947,0.544278621673584,3.59802508354187,1.2735742330551147,2.780050039291382,0.5340129137039185,4.666067123413086,1.7417993545532227,3.8376641273498535,0.6737160086631775,3.5807390213012695,1.2593472003936768,2.762988328933716,0.5310506820678711,,,,,,,,,,,,,,,,
75,59203,,,,,,,,,,,,,,,,,3.703918933868408,1.4492231607437134,2.884580135345459,0.49164676666259766,3.5486738681793213,1.2311447858810425,2.7296640872955322,0.48080000281333923,5.3594441413879395,1.98762047290802,4.5268120765686035,0.6111111044883728,3.5053350925445557,1.1988002061843872,2.686570882797241,0.4777112305164337
75,59203,3.6432785987854004,1.3615918159484863,2.8239264488220215,0.5447761416435242,3.593132257461548,1.2665351629257202,2.775594711303711,0.5335313081741333,4.528434753417969,1.740965723991394,3.696310520172119,0.6616314053535461,3.5749545097351074,1.251116156578064,2.7577900886535645,0.5306520462036133,,,,,,,,,,,,,,,,
76,59982,,,,,,,,,,,,,,,,,3.961263418197632,1.4570839405059814,3.1421568393707275,0.5632458329200745,3.681148052215576,1.2569037675857544,2.8589959144592285,0.5220000147819519,5.247331619262695,1.9918848276138306,4.415933609008789,0.6388888955116272,3.6301088333129883,1.2265652418136597,2.8078222274780273,0.5163007378578186
76,59982,3.67415714263916,1.3821038007736206,2.8558592796325684,0.5427860617637634,3.590672254562378,1.263635277748108,2.77388596534729,0.5386282205581665,4.642340183258057,1.731227159500122,3.811229944229126,0.69486403465271,3.5678226947784424,1.246232271194458,2.7513818740844727,0.5359674096107483,,,,,,,,,,,,,,,,
77,60761,,,,,,,,,,,,,,,,,4.129394054412842,1.5131422281265259,3.3082592487335205,0.5894988179206848,3.7047531604766846,1.2549813985824585,2.8837616443634033,0.5192000269889832,5.129752159118652,1.9331732988357544,4.295828819274902,0.6388888955116272,3.64253830909729,1.2201623916625977,2.8217670917510986,0.510756254196167
77,60761,3.6592812538146973,1.3803786039352417,2.8391661643981934,0.5318408012390137,3.5736896991729736,1.2606972455978394,2.755075216293335,0.5302805304527283,4.486634731292725,1.6414276361465454,3.6554312705993652,0.6858006119728088,3.552685499191284,1.2444589138031006,2.7343878746032715,0.5278614163398743,,,,,,,,,,,,,,,,
78,61540,,,,,,,,,,,,,,,,,3.967341661453247,1.4944443702697754,3.145879030227661,0.553699254989624,3.643613338470459,1.286577582359314,2.824820041656494,0.5059999823570251,5.458240032196045,1.9949665069580078,4.626397132873535,0.6527777910232544,3.584554433822632,1.2559502124786377,2.766218662261963,0.4992237687110901
78,61540,3.674959421157837,1.3752599954605103,2.8559279441833496,0.5358209013938904,3.5790388584136963,1.260224461555481,2.761162281036377,0.5364209413528442,4.5258402824401855,1.6798423528671265,3.6944472789764404,0.6495468020439148,3.5566208362579346,1.2438305616378784,2.739041566848755,0.5348157286643982,,,,,,,,,,,,,,,,
79,62319,,,,,,,,,,,,,,,,,3.8745481967926025,1.4778298139572144,3.054703712463379,0.560859203338623,3.7767691612243652,1.2779494524002075,2.9500412940979004,0.5009999871253967,5.54836368560791,1.9611573219299316,4.713818073272705,0.625,3.7393932342529297,1.248465657234192,2.9121522903442383,0.49345752596855164
79,62319,3.599086046218872,1.3402607440948486,2.779526948928833,0.5467661619186401,3.575279951095581,1.2662590742111206,2.7558250427246094,0.532889187335968,4.475942134857178,1.6942269802093506,3.645646810531616,0.6253776550292969,3.559952735900879,1.253395438194275,2.7406699657440186,0.5302976369857788,,,,,,,,,,,,,,,,
80,63098,,,,,,,,,,,,,,,,,4.040614604949951,1.5153783559799194,3.2177956104278564,0.5369928479194641,3.771869421005249,1.2741895914077759,2.9455313682556152,0.4878000020980835,5.4451212882995605,2.0934410095214844,4.6023664474487305,0.5972222089767456,3.7201786041259766,1.2386949062347412,2.8937745094299316,0.48148149251937866
80,63098,3.656059503555298,1.3651970624923706,2.839512825012207,0.5537313222885132,3.572896718978882,1.2514971494674683,2.7554268836975098,0.5295982956886292,4.389857292175293,1.6355608701705933,3.5593760013580322,0.6374622583389282,3.5535178184509277,1.235743761062622,2.7361536026000977,0.5258681774139404,,,,,,,,,,,,,,,,
81,63877,,,,,,,,,,,,,,,,,3.9642627239227295,1.5413916110992432,3.144681930541992,0.5226730108261108,3.684339761734009,1.2915807962417603,2.861372470855713,0.49219998717308044,5.9136271476745605,2.227649450302124,5.070481300354004,0.6388888955116272,3.622729778289795,1.2534199953079224,2.799771308898926,0.4870259463787079
81,63877,3.6347639560699463,1.3551565408706665,2.8166353702545166,0.5388059616088867,3.5674068927764893,1.25197172164917,2.7488090991973877,0.5314443707466125,4.46435546875,1.710443377494812,3.632465362548828,0.6495468020439148,3.5482563972473145,1.2360624074935913,2.7298147678375244,0.5290573835372925,,,,,,,,,,,,,,,,
82,64656,,,,,,,,,,,,,,,,,3.7000532150268555,1.4251105785369873,2.890263795852661,0.5226730108261108,3.554868459701538,1.2202857732772827,2.7418909072875977,0.49079999327659607,5.410394668579102,2.055896043777466,4.573384761810303,0.6527777910232544,3.5117483139038086,1.1879092454910278,2.698857307434082,0.4852517247200012
82,64656,3.5599193572998047,1.3215806484222412,2.7438011169433594,0.527860701084137,3.5178258419036865,1.2360069751739502,2.701305866241455,0.5239796042442322,4.308619022369385,1.6443653106689453,3.480181932449341,0.6404833793640137,3.5024852752685547,1.2224006652832031,2.686103343963623,0.5219259262084961,,,,,,,,,,,,,,,,
83,65435,,,,,,,,,,,,,,,,,3.7035109996795654,1.4246549606323242,2.885065793991089,0.5274463295936584,3.582306146621704,1.2148185968399048,2.7635560035705566,0.4973999857902527,5.42690372467041,2.0249416828155518,4.593401908874512,0.6805555820465088,3.54158878326416,1.1823829412460327,2.723046064376831,0.49168330430984497
83,65435,3.591813325881958,1.3416334390640259,2.774614095687866,0.5273631811141968,3.536151647567749,1.238322138786316,2.7192633152008057,0.5266284346580505,4.399832248687744,1.656187653541565,3.5704407691955566,0.6253776550292969,3.5185279846191406,1.222996711730957,2.7018566131591797,0.5251151919364929,,,,,,,,,,,,,,,,
84,66214,,,,,,,,,,,,,,,,,3.7279200553894043,1.385542869567871,2.918386459350586,0.5346062183380127,3.50264835357666,1.1880501508712769,2.689129590988159,0.5059999823570251,5.168928146362305,1.8803244829177856,4.341775894165039,0.6111111044883728,3.4551076889038086,1.158643364906311,2.641436815261841,0.501663327217102
84,66214,3.613128662109375,1.3414438962936401,2.796623706817627,0.5318408012390137,3.5489416122436523,1.2439284324645996,2.7313807010650635,0.5281935930252075,4.358630657196045,1.6635212898254395,3.527855157852173,0.6465256810188293,3.531353235244751,1.22909414768219,2.7138967514038086,0.5261339545249939,,,,,,,,,,,,,,,,
85,66993,,,,,,,,,,,,,,,,,4.24664831161499,1.648411750793457,3.412167549133301,0.5489259958267212,3.903773784637451,1.3724416494369507,3.068875312805176,0.5105999708175659,5.651030540466309,2.1646523475646973,4.804049491882324,0.625,3.844012975692749,1.3341468572616577,3.0092670917510986,0.5052117705345154
85,66993,3.511512517929077,1.3234113454818726,2.690417528152466,0.5194029808044434,3.5052056312561035,1.233525037765503,2.6862294673919678,0.5244612097740173,4.404196739196777,1.6793941259384155,3.5736632347106934,0.6646525859832764,3.4914674758911133,1.2189857959747314,2.672846794128418,0.5228561162948608,,,,,,,,,,,,,,,,
86,67772,,,,,,,,,,,,,,,,,3.7518274784088135,1.4543328285217285,2.9295265674591064,0.517899751663208,3.5451254844665527,1.2141499519348145,2.7251780033111572,0.48420000076293945,5.013509273529053,1.9017448425292969,4.181756973266602,0.625,3.502469539642334,1.1808518171310425,2.6829304695129395,0.47882014513015747
86,67772,3.4900245666503906,1.30338454246521,2.6710941791534424,0.5268656611442566,3.5072672367095947,1.229049801826477,2.689406633377075,0.5287153124809265,4.623000621795654,1.7707620859146118,3.7909648418426514,0.6102719306945801,3.4924426078796387,1.2144904136657715,2.6748874187469482,0.5276842713356018,,,,,,,,,,,,,,,,
87,68551,,,,,,,,,,,,,,,,,3.6999001502990723,1.426478385925293,2.886366605758667,0.517899751663208,3.5442492961883545,1.224778652191162,2.7304484844207764,0.5058000087738037,4.703780174255371,1.7496641874313354,3.871306896209717,0.6527777910232544,3.5112698078155518,1.197653889656067,2.697742223739624,0.5023286938667297
87,68551,3.547299385070801,1.333103895187378,2.7268431186676025,0.5288557410240173,3.5137898921966553,1.2322828769683838,2.696110725402832,0.5247020125389099,4.489985466003418,1.6425397396087646,3.6611881256103516,0.6888217329978943,3.4964959621429443,1.217290997505188,2.6792235374450684,0.5219259262084961,,,,,,,,,,,,,,,,
88,69330,,,,,,,,,,,,,,,,,3.694333791732788,1.4313195943832397,2.876140594482422,0.5011933445930481,3.5808446407318115,1.2262381315231323,2.7593631744384766,0.4864000082015991,5.16892671585083,1.976912021636963,4.335913181304932,0.5416666865348816,3.5449399948120117,1.195194125175476,2.723337411880493,0.48414283990859985
88,69330,3.4880433082580566,1.2971274852752686,2.667623519897461,0.5159204006195068,3.5017924308776855,1.224523663520813,2.682102680206299,0.5173174738883972,4.574976444244385,1.7095924615859985,3.742668867111206,0.6646525859832764,3.4872829914093018,1.210947871208191,2.6678433418273926,0.5152817368507385,,,,,,,,,,,,,,,,
89,70109,,,,,,,,,,,,,,,,,3.9894096851348877,1.541974425315857,3.16178035736084,0.517899751663208,3.7622621059417725,1.2883589267730713,2.932816505432129,0.526199996471405,4.712818145751953,1.7976142168045044,3.864287853240967,0.6527777910232544,3.725975513458252,1.256659746170044,2.896665334701538,0.5249500870704651
89,70109,3.474485158920288,1.3100855350494385,2.653501033782959,0.5099502205848694,3.478259325027466,1.221094012260437,2.6585853099823,0.5153911113739014,4.4561967849731445,1.6469230651855469,3.6267595291137695,0.6283987760543823,3.464256525039673,1.206926941871643,2.644843101501465,0.5142186284065247,,,,,,,,,,,,,,,,
90,70888,,,,,,,,,,,,,,,,,3.9038872718811035,1.4426735639572144,3.0843019485473633,0.5322195887565613,3.588813304901123,1.2178250551223755,2.766016960144043,0.4925999939441681,5.070657253265381,1.8492259979248047,4.228662967681885,0.6805555820465088,3.535871982574463,1.1868488788604736,2.7130849361419678,0.4859170615673065
90,70888,3.472067356109619,1.300977110862732,2.6530447006225586,0.5283582210540771,3.4864208698272705,1.2159092426300049,2.6687729358673096,0.519926130771637,4.606982707977295,1.6392194032669067,3.7766849994659424,0.6767371892929077,3.4712624549865723,1.2021286487579346,2.6539299488067627,0.5168763399124146,,,,,,,,,,,,,,,,
91,71667,,,,,,,,,,,,,,,,,3.854372501373291,1.4549355506896973,3.0406060218811035,0.5369928479194641,3.612211227416992,1.2332992553710938,2.7923409938812256,0.49619999527931213,5.803525924682617,2.1566810607910156,4.966890335083008,0.5833333134651184,3.554717540740967,1.197959065437317,2.734548330307007,0.4910179674625397
91,71667,3.462890863418579,1.294689416885376,2.6448745727539062,0.506965160369873,3.483747959136963,1.220307469367981,2.66540265083313,0.5211702585220337,4.549271583557129,1.6495553255081177,3.7195963859558105,0.652567982673645,3.4699840545654297,1.207391619682312,2.651775598526001,0.5205085277557373,,,,,,,,,,,,,,,,
92,72446,,,,,,,,,,,,,,,,,4.276963710784912,1.6667245626449585,3.4478769302368164,0.5871121883392334,3.732330560684204,1.3138717412948608,2.9035534858703613,0.5077999830245972,5.237168312072754,2.0258944034576416,4.398800849914551,0.6388888955116272,3.6576902866363525,1.2697131633758545,2.8290956020355225,0.49833667278289795
92,72446,3.488262176513672,1.3076133728027344,2.6697120666503906,0.5218905210494995,3.4560885429382324,1.2124310731887817,2.637547492980957,0.5173977613449097,4.213979721069336,1.535750150680542,3.383601665496826,0.652567982673645,3.442115545272827,1.1992157697677612,2.623744249343872,0.5150159597396851,,,,,,,,,,,,,,,,
93,73225,,,,,,,,,,,,,,,,,3.6656901836395264,1.355202078819275,2.861729860305786,0.5513126254081726,3.463623046875,1.1713308095932007,2.651594638824463,0.49380001425743103,5.032519817352295,1.898496150970459,4.200819969177246,0.6944444179534912,3.4197940826416016,1.1426331996917725,2.6073293685913086,0.4852517247200012
93,73225,3.5363519191741943,1.2863733768463135,2.718151092529297,0.5452736616134644,3.436272144317627,1.196766972541809,2.618464469909668,0.5169562697410583,4.279294490814209,1.619405746459961,3.4497859477996826,0.6404833793640137,3.4150054454803467,1.1825921535491943,2.5974011421203613,0.5126240253448486,,,,,,,,,,,,,,,,
94,74004,,,,,,,,,,,,,,,,,3.8216843605041504,1.4777647256851196,3.0017917156219482,0.517899751663208,3.5874953269958496,1.2269675731658936,2.7637083530426025,0.48240000009536743,5.738548278808594,2.062136650085449,4.899629592895508,0.6666666865348816,3.531383991241455,1.190326452255249,2.7074782848358154,0.4761587977409363
94,74004,3.4355318546295166,1.2854505777359009,2.6172854900360107,0.5174129605293274,3.446647882461548,1.199030876159668,2.6287713050842285,0.5140666961669922,4.310939311981201,1.5796869993209839,3.4826371669769287,0.6283987760543823,3.4349682331085205,1.185755729675293,2.6172759532928467,0.5120924711227417,,,,,,,,,,,,,,,,
95,74783,,,,,,,,,,,,,,,,,3.963740825653076,1.5057930946350098,3.1467125415802,0.5393794775009155,3.5121750831604004,1.188267707824707,2.694591999053955,0.46059998869895935,5.07974100112915,1.9735703468322754,4.24068021774292,0.5555555820465088,3.445183038711548,1.1462219953536987,2.6278903484344482,0.4517631530761719
95,74783,3.4596002101898193,1.2909873723983765,2.6398158073425293,0.5064676403999329,3.457921028137207,1.2063930034637451,2.6378071308135986,0.5145081877708435,4.187857627868652,1.5716017484664917,3.357818603515625,0.5921450257301331,3.4470715522766113,1.1935060024261475,2.627070665359497,0.5140857696533203,,,,,,,,,,,,,,,,
96,75562,,,,,,,,,,,,,,,,,3.8095057010650635,1.474733829498291,2.9849298000335693,0.5250596404075623,3.681922674179077,1.248174786567688,2.8558669090270996,0.5184000134468079,5.316762447357178,2.0084517002105713,4.4759135246276855,0.6111111044883728,3.6439621448516846,1.2149813175201416,2.818005323410034,0.5163007378578186
96,75562,3.409060478210449,1.2611757516860962,2.591510534286499,0.5233830809593201,3.4501941204071045,1.2038967609405518,2.6323699951171875,0.5133844614028931,4.502012729644775,1.6701781749725342,3.671299695968628,0.6858006119728088,3.4384384155273438,1.1919598579406738,2.6207756996154785,0.5099663138389587,,,,,,,,,,,,,,,,
97,76341,,,,,,,,,,,,,,,,,3.7970597743988037,1.416966199874878,2.9831531047821045,0.5513126254081726,3.527857780456543,1.2025394439697266,2.708939790725708,0.477400004863739,4.730172634124756,1.7136088609695435,3.8915891647338867,0.5555555820465088,3.483644485473633,1.1744533777236938,2.664573907852173,0.4692836403846741
97,76341,3.4357943534851074,1.2727025747299194,2.616748332977295,0.5124378204345703,3.443798065185547,1.1928631067276,2.625068187713623,0.5159529447555542,4.312352657318115,1.6565619707107544,3.4832797050476074,0.6465256810188293,3.4317753314971924,1.1789565086364746,2.613224744796753,0.5143515467643738,,,,,,,,,,,,,,,,
98,77120,,,,,,,,,,,,,,,,,3.753977060317993,1.443190097808838,2.9388675689697266,0.5346062183380127,3.593062162399292,1.2296749353408813,2.7741332054138184,0.5105999708175659,5.180070877075195,1.9727104902267456,4.348278522491455,0.625,3.5527682304382324,1.1979693174362183,2.7336902618408203,0.506542444229126
98,77120,3.4317986965179443,1.273511290550232,2.6144485473632812,0.5243781208992004,3.442172050476074,1.2002859115600586,2.6253304481506348,0.5146285891532898,4.1448493003845215,1.5927258729934692,3.316145896911621,0.6102719306945801,3.432790517807007,1.1880114078521729,2.6161701679229736,0.5123582482337952,,,,,,,,,,,,,,,,
99,77899,,,,,,,,,,,,,,,,,4.046054363250732,1.5400147438049316,3.2239902019500732,0.5131264925003052,3.7763969898223877,1.3153553009033203,2.9486682415008545,0.4724000096321106,5.443211078643799,1.996358036994934,4.601382732391357,0.6111111044883728,3.7247238159179688,1.2836037874221802,2.8966939449310303,0.46640053391456604
99,77899,3.4381039142608643,1.2607817649841309,2.6196157932281494,0.5218905210494995,3.4473187923431396,1.1946840286254883,2.6289398670196533,0.512220561504364,4.3197102546691895,1.6320075988769531,3.4900548458099365,0.6253776550292969,3.4353506565093994,1.1823875904083252,2.6171441078186035,0.50970059633255,,,,,,,,,,,,,,,,
100,78678,,,,,,,,,,,,,,,,,3.882040500640869,1.4697054624557495,3.057117223739624,0.5107398629188538,3.6336140632629395,1.2289432287216187,2.806600332260132,0.47200000286102295,5.260311126708984,1.992216944694519,4.411248207092285,0.5138888955116272,3.5845534801483154,1.1943825483322144,2.757697820663452,0.46773120760917664
100,78678,3.433061122894287,1.27687668800354,2.6124539375305176,0.5049751400947571,3.425729751586914,1.1923140287399292,2.6054694652557373,0.5096520185470581,4.24031925201416,1.6343214511871338,3.4087448120117188,0.634441077709198,3.4131360054016113,1.1783058643341064,2.5930705070495605,0.5082388520240784,,,,,,,,,,,,,,,,
101,79457,,,,,,,,,,,,,,,,,3.9694366455078125,1.4815025329589844,3.146656036376953,0.5441527366638184,3.581782341003418,1.2369312047958374,2.760465621948242,0.4867999851703644,4.981164932250977,1.8131022453308105,4.145648002624512,0.5555555820465088,3.5234146118164062,1.2050042152404785,2.7024598121643066,0.4803725779056549
101,79457,3.3562705516815186,1.2516915798187256,2.5392186641693115,0.5044776201248169,3.3968515396118164,1.1863034963607788,2.580264091491699,0.5062006115913391,4.272373199462891,1.585066795349121,3.4414913654327393,0.6374622583389282,3.387629270553589,1.1746351718902588,2.5712926387786865,0.5044294595718384,,,,,,,,,,,,,,,,
102,80236,,,,,,,,,,,,,,,,,3.7167606353759766,1.4220062494277954,2.8988678455352783,0.5035799741744995,3.505872964859009,1.1976147890090942,2.686163902282715,0.47699999809265137,4.9498443603515625,1.8504259586334229,4.112665176391602,0.6388888955116272,3.4632205963134766,1.1663391590118408,2.6436197757720947,0.47194498777389526
102,80236,3.4399771690368652,1.2614690065383911,2.6232833862304688,0.5079602003097534,3.3822624683380127,1.1777188777923584,2.5659353733062744,0.5073644518852234,4.087722301483154,1.5624741315841675,3.2590346336364746,0.6253776550292969,3.3667805194854736,1.1646225452423096,2.5506672859191895,0.5055811405181885,,,,,,,,,,,,,,,,
103,81015,,,,,,,,,,,,,,,,,3.7536752223968506,1.4322609901428223,2.937142848968506,0.5035799741744995,3.5166075229644775,1.2214206457138062,2.699439287185669,0.48840001225471497,4.966596603393555,1.8329397439956665,4.130393981933594,0.625,3.4714245796203613,1.192063808441162,2.6545016765594482,0.48480814695358276
103,81015,3.416840076446533,1.261189341545105,2.5975000858306885,0.5208955407142639,3.387333393096924,1.1796557903289795,2.5693840980529785,0.5049564838409424,4.354371070861816,1.5686990022659302,3.5229580402374268,0.6435045599937439,3.370525598526001,1.1666932106018066,2.55289888381958,0.5015060305595398,,,,,,,,,,,,,,,,
104,81794,,,,,,,,,,,,,,,,,3.732569694519043,1.4112446308135986,2.904600143432617,0.5369928479194641,3.5340535640716553,1.208489179611206,2.705446481704712,0.4790000021457672,4.860931396484375,1.7810626029968262,4.023475170135498,0.5694444179534912,3.494417667388916,1.1805050373077393,2.6658935546875,0.4721667766571045
104,81794,3.357004404067993,1.2324570417404175,2.5368804931640625,0.499004989862442,3.3504905700683594,1.1674013137817383,2.53135085105896,0.4960067570209503,4.172259330749512,1.5544848442077637,3.342547655105591,0.5981873273849487,3.3378591537475586,1.1559337377548218,2.518963575363159,0.4942416846752167,,,,,,,,,,,,,,,,
105,82573,,,,,,,,,,,,,,,,,3.5512139797210693,1.3623677492141724,2.7297534942626953,0.5131264925003052,3.4047975540161133,1.1615689992904663,2.588953733444214,0.48399999737739563,5.385881423950195,2.0560970306396484,4.5547966957092285,0.5833333134651184,3.359558343887329,1.128625750541687,2.544480085372925,0.4797072410583496
105,82573,3.353456497192383,1.2447165250778198,2.5310661792755127,0.49701493978500366,3.3783581256866455,1.1726683378219604,2.558198928833008,0.4961271286010742,4.277552604675293,1.6162575483322144,3.4484386444091797,0.6646525859832764,3.3673930168151855,1.1597492694854736,2.54756236076355,0.493577241897583,,,,,,,,,,,,,,,,
106,83352,,,,,,,,,,,,,,,,,3.738903284072876,1.4079957008361816,2.9213368892669678,0.5011933445930481,3.455199718475342,1.1873178482055664,2.6395061016082764,0.47600001096725464,4.904694080352783,1.8063921928405762,4.07169246673584,0.6805555820465088,3.4056906700134277,1.1569257974624634,2.5904479026794434,0.4703925549983978
106,83352,3.343367099761963,1.247963786125183,2.5235185623168945,0.4870646893978119,3.357652425765991,1.169525384902954,2.539625883102417,0.4937191605567932,4.055349349975586,1.5714329481124878,3.2266159057617188,0.5770393013954163,3.348694086074829,1.1566498279571533,2.5309865474700928,0.4930900037288666,,,,,,,,,,,,,,,,
107,84131,,,,,,,,,,,,,,,,,3.829867124557495,1.4421049356460571,3.007476806640625,0.5322195887565613,3.493417978286743,1.1845390796661377,2.671445608139038,0.4733999967575073,5.034502983093262,1.846977710723877,4.2009663581848145,0.6666666865348816,3.43754506111145,1.150026798248291,2.6157965660095215,0.4648480713367462
107,84131,3.333730459213257,1.2301090955734253,2.5123324394226074,0.4910447895526886,3.3681538105010986,1.1659064292907715,2.5480830669403076,0.49147167801856995,4.42081356048584,1.5870482921600342,3.589017629623413,0.6646525859832764,3.3557870388031006,1.1540149450302124,2.5360026359558105,0.4889705777168274,,,,,,,,,,,,,,,,
108,84910,,,,,,,,,,,,,,,,,3.834275245666504,1.4380748271942139,3.016103744506836,0.5107398629188538,3.5212786197662354,1.1820316314697266,2.701768159866333,0.4729999899864197,5.151723861694336,1.8240100145339966,4.317316055297852,0.6527777910232544,3.4661576747894287,1.1479876041412354,2.6467623710632324,0.46662232279777527
108,84910,3.3740525245666504,1.2360402345657349,2.5546185970306396,0.5104477405548096,3.346313714981079,1.157211184501648,2.5276949405670166,0.49387967586517334,4.115723609924316,1.5283904075622559,3.283989429473877,0.6435045599937439,3.332559585571289,1.144750952720642,2.5142111778259277,0.4902108311653137,,,,,,,,,,,,,,,,
109,85689,,,,,,,,,,,,,,,,,3.9462509155273438,1.5144180059432983,3.1143131256103516,0.4988066852092743,3.6473729610443115,1.2424283027648926,2.8172786235809326,0.4763999879360199,5.229945182800293,1.9553720951080322,4.381041526794434,0.6388888955116272,3.594329833984375,1.205769419670105,2.7647063732147217,0.4717232286930084
109,85689,3.3183865547180176,1.2176826000213623,2.4988701343536377,0.49353232979774475,3.342327117919922,1.1666061878204346,2.5234739780426025,0.4966087341308594,4.105607986450195,1.537094235420227,3.277648687362671,0.6193353533744812,3.333266258239746,1.1566277742385864,2.5146074295043945,0.4950832724571228,,,,,,,,,,,,,,,,
110,86468,,,,,,,,,,,,,,,,,3.8758397102355957,1.4745415449142456,3.050950288772583,0.5107398629188538,3.70361065864563,1.2465026378631592,2.876507520675659,0.4837999939918518,5.231610298156738,1.9617056846618652,4.392535209655762,0.625,3.6632070541381836,1.2138917446136475,2.8360893726348877,0.4790419042110443
110,86468,3.2761447429656982,1.2192801237106323,2.456249475479126,0.49800994992256165,3.3328914642333984,1.1567600965499878,2.5138046741485596,0.4927158057689667,4.272585868835449,1.581891655921936,3.441352128982544,0.6858006119728088,3.324164390563965,1.1449613571166992,2.505326747894287,0.4894135296344757,,,,,,,,,,,,,,,,
111,87247,,,,,,,,,,,,,,,,,3.785982847213745,1.4231451749801636,2.9660446643829346,0.4988066852092743,3.452646017074585,1.1798768043518066,2.6314079761505127,0.4717999994754791,4.81299352645874,1.8109010457992554,3.9756991863250732,0.5694444179534912,3.399949312210083,1.1471949815750122,2.578845262527466,0.46773120760917664
111,87247,3.3259124755859375,1.230875015258789,2.5076138973236084,0.49850746989250183,3.326481819152832,1.1517443656921387,2.508011817932129,0.4904683530330658,4.063292503356934,1.5218979120254517,3.2340903282165527,0.6072507500648499,3.3157293796539307,1.1392723321914673,2.497401475906372,0.48804038763046265,,,,,,,,,,,,,,,,
112,88026,,,,,,,,,,,,,,,,,3.8174245357513428,1.4430010318756104,2.9934558868408203,0.5011933445930481,3.420454740524292,1.1528091430664062,2.596658706665039,0.46779999136924744,4.96600866317749,1.9368253946304321,4.130297660827637,0.6666666865348816,3.35888671875,1.1133240461349487,2.5352962017059326,0.4615213871002197
112,88026,3.284789800643921,1.2085437774658203,2.4649288654327393,0.4880596995353699,3.333221673965454,1.1490145921707153,2.5143301486968994,0.49496328830718994,4.277528285980225,1.5862901210784912,3.4475064277648926,0.6223564743995667,3.3236846923828125,1.1373034715652466,2.5050466060638428,0.49371013045310974,,,,,,,,,,,,,,,,
113,88805,,,,,,,,,,,,,,,,,3.7736942768096924,1.4670593738555908,2.9530694484710693,0.5059666037559509,3.4269020557403564,1.1776139736175537,2.6077804565429688,0.46140000224113464,4.896585464477539,1.8129411935806274,4.058603286743164,0.5833333134651184,3.3712079524993896,1.1405720710754395,2.5525267124176025,0.4553115963935852
113,88805,3.3269174098968506,1.2169936895370483,2.506209135055542,0.4910447895526886,3.321613073348999,1.1463826894760132,2.5022730827331543,0.49387967586517334,4.119086265563965,1.557126522064209,3.2899885177612305,0.5921450257301331,3.3094470500946045,1.134072184562683,2.490374803543091,0.49269136786460876,,,,,,,,,,,,,,,,
114,89584,,,,,,,,,,,,,,,,,3.917719841003418,1.4722938537597656,3.0927367210388184,0.5226730108261108,3.5452637672424316,1.1819658279418945,2.7206478118896484,0.477400004863739,5.239626407623291,1.8517581224441528,4.394215106964111,0.5972222089767456,3.483598232269287,1.144291877746582,2.659348249435425,0.47127965092658997
114,89584,3.252232551574707,1.1876920461654663,2.4338200092315674,0.48955222964286804,3.3023459911346436,1.1371309757232666,2.4833877086639404,0.491030216217041,4.073879241943359,1.511867880821228,3.244539260864258,0.634441077709198,3.295496702194214,1.1271334886550903,2.4766409397125244,0.489059180021286,,,,,,,,,,,,,,,,
